{
  "train_loss": [
    3.792291194152832,
    3.125059357261658
  ],
  "val_loss": [
    2.81333074760437,
    2.932846664428711
  ]
}